Scarcity_Months,xgboost,rf
3,1.6480898783967088,1.2711284525580102
6,1.735721759984405,1.2521961228863951
9,2.528890867994888,3.317459492418073
12,1.309537543498978,1.2616596646065719
