Scarcity_Months,xgboost,rf
3,1.195421509580333,1.2711166932226967
6,1.0736959904328103,1.2521914707342998
9,2.821676830417577,3.317455093345435
12,1.4538469052746943,1.2616641966603512
